{
	"format_version": "1.12.0",
	"minecraft:geometry": [
		{
			"description": {
				"identifier": "geometry.largestcactus",
				"texture_width": 64,
				"texture_height": 64,
				"visible_bounds_width": 3,
				"visible_bounds_height": 3.5,
				"visible_bounds_offset": [0, 1.25, 0]
			},
			"bones": [
				{
					"name": "largestcactus",
					"pivot": [0, 0, 0]
				},
				{
					"name": "body",
					"parent": "largestcactus",
					"pivot": [0, -4, 0],
					"cubes": [
						{"origin": [-4, 0, -4], "size": [8, 20, 8], "uv": [0, 0]}
					]
				},
				{
					"name": "left_arm",
					"parent": "body",
					"pivot": [6, 16, -3],
					"cubes": [
						{"origin": [4, 14, -3.999], "size": [8, 4, 4], "pivot": [4, 18, -2], "rotation": [0, 0, 25], "uv": [32, 18]},
						{"origin": [7.25046, -0.38095, -4], "size": [4, 15, 4], "uv": [28, 28]}
					]
				},
				{
					"name": "right_arm",
					"parent": "body",
					"pivot": [-18, -4, 0],
					"cubes": [
						{"origin": [-12, 14, -3.999], "size": [8, 4, 4], "pivot": [-4, 18, -2], "rotation": [0, 0, -25], "uv": [32, 18]},
						{"origin": [-11.25046, -0.38095, -4], "size": [4, 15, 4], "uv": [28, 28]}
					]
				},
				{
					"name": "head_branch",
					"parent": "body",
					"pivot": [0, -4, 0],
					"cubes": [
						{"origin": [-5, 15, -8], "size": [10, 4, 4], "uv": [0, 28]}
					]
				},
				{
					"name": "branch4",
					"parent": "head_branch",
					"pivot": [-1, 11, -6],
					"cubes": [
						{"origin": [-5, 19, -8], "size": [4, 6, 4], "uv": [0, 36]},
						{"origin": [-4, 25, -5], "size": [2, 2, 0], "uv": [24, 36]}
					]
				},
				{
					"name": "branch3",
					"parent": "head_branch",
					"pivot": [5, 11, -6],
					"cubes": [
						{"origin": [1, 19, -8], "size": [4, 6, 4], "uv": [0, 36]},
						{"origin": [2, 25, -6], "size": [2, 2, 0], "uv": [20, 36]}
					]
				},
				{
					"name": "head_branch2",
					"parent": "body",
					"pivot": [0, -4, 12],
					"cubes": [
						{"origin": [-5, 15, 4], "size": [10, 4, 4], "uv": [0, 28]}
					]
				},
				{
					"name": "branch6",
					"parent": "head_branch2",
					"pivot": [-1, 11, 6],
					"cubes": [
						{"origin": [-5, 19, 4], "size": [4, 6, 4], "uv": [0, 36]},
						{"origin": [-4, 25, 6], "size": [2, 2, 0], "uv": [16, 38]}
					]
				},
				{
					"name": "branch7",
					"parent": "head_branch2",
					"pivot": [5, 11, 6],
					"cubes": [
						{"origin": [1, 19, 4], "size": [4, 6, 4], "uv": [0, 36]},
						{"origin": [2, 25, 6], "size": [2, 2, 0], "uv": [20, 38]}
					]
				},
				{
					"name": "branch",
					"parent": "body",
					"pivot": [8, 8, 1],
					"cubes": [
						{"origin": [4, 8, 0], "size": [4, 14, 4], "uv": [32, 0]},
						{"origin": [5, 22, 2], "size": [2, 2, 0], "uv": [32, 26]}
					]
				},
				{
					"name": "branch2",
					"parent": "body",
					"pivot": [-4, 8, 1],
					"cubes": [
						{"origin": [-8, 8, 0], "size": [4, 14, 4], "uv": [32, 0]},
						{"origin": [-7, 22, 2], "size": [2, 2, 0], "uv": [16, 36]}
					]
				},
				{
					"name": "branch5",
					"parent": "body",
					"pivot": [2, 12, 0],
					"cubes": [
						{"origin": [-2, 12, -2], "size": [4, 14, 4], "uv": [32, 0]},
						{"origin": [-1, 26, 0], "size": [2, 2, 0], "uv": [36, 26]}
					]
				},
				{
					"name": "branch8",
					"parent": "largestcactus",
					"pivot": [12, 0, -10],
					"cubes": [
						{"origin": [8, 0, -12], "size": [4, 6, 4], "uv": [0, 36]},
						{"origin": [9, 6, -10], "size": [2, 2, 0], "uv": [24, 38]}
					]
				},
				{
					"name": "branch9",
					"parent": "largestcactus",
					"pivot": [-8, 0, -10],
					"cubes": [
						{"origin": [-12, 0, -12], "size": [4, 6, 4], "uv": [0, 36]},
						{"origin": [-11, 6, -10], "size": [2, 2, 0], "uv": [16, 40]}
					]
				},
				{
					"name": "branch10",
					"parent": "largestcactus",
					"pivot": [12, 0, 10],
					"cubes": [
						{"origin": [8, 0, 8], "size": [4, 6, 4], "uv": [0, 36]},
						{"origin": [9, 6, 10], "size": [2, 2, 0], "uv": [20, 40]}
					]
				},
				{
					"name": "branch11",
					"parent": "largestcactus",
					"pivot": [-8, 0, 10],
					"cubes": [
						{"origin": [-12, 0, 8], "size": [4, 6, 4], "uv": [0, 36]},
						{"origin": [-11, 6, 10], "size": [2, 2, 0], "uv": [24, 40]}
					]
				}
			]
		}
	]
}