{
	"format_version": "1.8.0",
	"animations": {
		"null": {
			"loop": true,
			"bones": {
				"left_ear": {
					"rotation": [0, 0, 30]
				},
				"right_ear": {
					"rotation": [0, 0, -30]
				},
				"r_ear2": {
					"rotation": [0, 0, -60]
				},
				"l_ear2": {
					"rotation": [0, 0, 60]
				},
				"r_ear3": {
					"rotation": [0, 0, -60]
				},
				"l_ear3": {
					"rotation": [0, 0, 60]
				}
			}
		},
		"animation.pipi.ground_idle": {
			"loop": true,
			"animation_length": 2,
			"bones": {
				"head": {
					"position": {
						"0.0": [0, 0, 0],
						"1.0": [0, -0.25, 0],
						"2.0": [0, 0, 0]
					}
				},
				"left_ear": {
					"rotation": {
						"0.0": [0, 0, 30],
						"1.0": [0, 0, 25],
						"2.0": [0, 0, 30]
					}
				},
				"right_ear": {
					"rotation": {
						"0.0": [0, 0, -30],
						"1.0": [0, 0, -25],
						"2.0": [0, 0, -30]
					}
				},
				"r_ear2": {
					"rotation": [0, 0, -60]
				},
				"l_ear2": {
					"rotation": [0, 0, 60]
				},
				"l_ear3": {
					"rotation": {
						"0.0": [0, 0, 60],
						"1.0": [0, 0, 55],
						"2.0": [0, 0, 60]
					}
				},
				"r_ear3": {
					"rotation": {
						"0.0": [0, 0, -60],
						"1.0": [0, 0, -55],
						"2.0": [0, 0, -60]
					}
				}
			}
		},
		"animation.pipi.ground_walk": {
			"loop": true,
			"animation_length": 1.5,
			"bones": {
				"pipi": {
					"rotation": {
						"0.0": [0, 0, 0],
						"0.25": [0, 0, -2.5],
						"0.75": [0, 0, 0],
						"1.0": [0, 0, 2.5],
						"1.5": [0, 0, 0]
					},
					"position": {
						"0.0": [0, 0, 0],
						"0.25": [0, 1, 0],
						"0.75": [0, 0, 0],
						"1.0": [0, 1, 0],
						"1.5": [0, 0, 0]
					}
				},
				"left_leg": {
					"rotation": {
						"0.0": [0, 0, 0],
						"0.25": [-5, 0, 0],
						"0.75": [0, 0, 0],
						"1.0": [10, 0, 0],
						"1.5": [0, 0, 0]
					},
					"position": {
						"0.0": [0, 0, 0],
						"0.25": [0, 1, -1],
						"0.5": [0, 0, -1],
						"0.75": [0, 0, 0],
						"1.0": [0, 0, 1],
						"1.5": [0, 0, 0]
					}
				},
				"right_leg": {
					"rotation": {
						"0.0": [0, 0, 0],
						"0.25": [10, 0, 0],
						"0.75": [0, 0, 0],
						"1.0": [-5, 0, 0],
						"1.5": [0, 0, 0]
					},
					"position": {
						"0.0": [0, 0, 0],
						"0.25": [0, 0, 1],
						"0.75": [0, 0, 0],
						"1.0": [0, 1, -1],
						"1.25": [0, 0, -2],
						"1.5": [0, 0, 0]
					}
				},
				"left_ear": {
					"rotation": [0, 0, 30]
				},
				"right_ear": {
					"rotation": [0, 0, -30]
				},
				"r_ear2": {
					"rotation": [0, 0, -60]
				},
				"l_ear2": {
					"rotation": [0, 0, 60]
				},
				"l_ear3": {
					"rotation": [0, 0, 60]
				},
				"r_ear3": {
					"rotation": [0, 0, -60]
				}
			}
		},
		"animation.pipi.air_fly": {
			"loop": true,
			"animation_length": 1,
			"bones": {
				"pipi": {
					"position": {
						"0.0": [0, 5, 0],
						"0.25": [0, 7, 0],
						"0.75": [0, 7, 0],
						"1.0": [0, 5, 0]
					}
				},
				"left_leg": {
					"rotation": {
						"0.0": [70, 0, 0],
						"0.25": [90, 0, 0],
						"0.5": [90, 0, 0],
						"1.0": [70, 0, 0]
					}
				},
				"right_leg": {
					"rotation": {
						"0.0": [70, 0, 0],
						"0.25": [90, 0, 0],
						"0.5": [90, 0, 0],
						"1.0": [70, 0, 0]
					}
				},
				"left_ear": {
					"rotation": {
						"0.0": [0, 0, 30],
						"0.25": [0, 0, 80],
						"0.75": [0, 0, 30],
						"1.0": [0, 0, 30]
					}
				},
				"right_ear": {
					"rotation": {
						"0.0": [0, 0, -30],
						"0.25": [0, 0, -80],
						"0.75": [0, 0, -30],
						"1.0": [0, 0, -30]
					}
				},
				"tail": {
					"rotation": {
						"0.0": [0, 0, 0],
						"0.5": [-15, 0, 0],
						"1.0": [0, 0, 0]
					}
				},
				"r_ear2": {
					"rotation": {
						"0.0": [0, 0, 0],
						"0.25": [0, 0, 0],
						"0.5": [0, 0, -45],
						"0.75": [0, 0, 0],
						"1.0": [0, 0, 0]
					}
				},
				"l_ear2": {
					"rotation": {
						"0.0": [0, 0, 0],
						"0.25": [0, 0, 0],
						"0.5": [0, 0, 45],
						"0.75": [0, 0, 0],
						"1.0": [0, 0, 0]
					}
				},
				"l_ear3": {
					"rotation": {
						"0.0": [0, 0, 0],
						"0.25": [0, 0, 0],
						"0.75": [0, 0, 60],
						"1.0": [0, 0, 0]
					}
				},
				"r_ear3": {
					"rotation": {
						"0.0": [0, 0, 0],
						"0.25": [0, 0, 0],
						"0.75": [0, 0, -60],
						"1.0": [0, 0, 0]
					}
				}
			}
		},
		"animation.pipi.faint": {
			"animation_length": 1,
			"bones": {
				"pipi": {
					"rotation": {
						"0.0": [0, 0, 0],
						"0.5": [-90, 0, 0],
						"1.0": [-90, 0, 0]
					},
					"position": {
						"0.0": [0, 0, 0],
						"0.2917": [0, 3.17, 0],
						"0.5": [0, 2, 0],
						"0.625": [0, 2.5, 0],
						"0.75": [0, 2, 0],
						"1.0": [0, 2, 0]
					}
				},
				"left_ear": {
					"rotation": [0, 0, 30]
				},
				"right_ear": {
					"rotation": [0, 0, -30]
				},
				"r_ear2": {
					"rotation": [0, 0, -60]
				},
				"l_ear2": {
					"rotation": [0, 0, 60]
				},
				"l_ear3": {
					"rotation": [0, 0, 60]
				},
				"r_ear3": {
					"rotation": [0, 0, -60]
				}
			}
		}
	},
	"geckolib_format_version": 2,
	"geometry.animations": {
		"texturewidth": 64,
		"textureheight": 64
	}
}