{
	"format_version": "1.8.0",
	"animations": {
		"null": {
			"loop": true,
			"bones": {
				"left_arm": {
					"rotation": [0, 0, 50]
				},
				"right_arm": {
					"rotation": [0, 0, -50]
				}
			}
		},
		"animation.cactus.ground_idle": {
			"loop": true,
			"bones": {
				"left_arm": {
					"rotation": [0, 0, 50]
				},
				"right_arm": {
					"rotation": [0, 0, -50]
				}
			}
		},
		"animation.cactus.ground_walk": {
			"loop": true,
			"animation_length": 1.5,
			"bones": {
				"left_arm": {
					"rotation": {
						"0.0": [0, 0, 60],
						"0.5": [0, -10, 60],
						"1.0": [0, 10, 60],
						"1.5": [0, 0, 60]
					}
				},
				"right_arm": {
					"rotation": {
						"0.0": [0, 0, -60],
						"0.5": [0, -10, -60],
						"1.0": [0, 10, -60],
						"1.5": [0, 0, -60]
					}
				}
			}
		},
		"animation.cactus.faint": {
			"animation_length": 1,
			"bones": {
				"cactus": {
					"rotation": {
						"0.0": [0, 0, 0],
						"0.5": [-90, 0, 0],
						"1.0": [-90, 0, 0]
					},
					"position": {
						"0.0": [0, 0, 0],
						"0.2917": [0, 3.17, 0],
						"0.5": [0, 2, 0],
						"0.625": [0, 2.5, 0],
						"0.75": [0, 2, 0],
						"1.0": [0, 2, 0]
					}
				},
				"left_arm": {
					"rotation": [0, 0, 50]
				},
				"right_arm": {
					"rotation": [0, 0, -50]
				}
			}
		}
	}
}