{
	"format_version": "1.12.0",
	"minecraft:geometry": [
		{
			"description": {
				"identifier": "geometry.cactus",
				"texture_width": 32,
				"texture_height": 32,
				"visible_bounds_width": 3,
				"visible_bounds_height": 2.5,
				"visible_bounds_offset": [0, 0.75, 0]
			},
			"bones": [
				{
					"name": "cactus",
					"pivot": [0, 0, 0]
				},
				{
					"name": "body",
					"parent": "cactus",
					"pivot": [0, 0, 0],
					"cubes": [
						{"origin": [-3, 0, -3], "size": [6, 12, 6], "uv": [0, 0]},
						{"origin": [-2, 9, -6], "size": [4, 6, 3], "uv": [0, 18]},
						{"origin": [-0.5, 15, -5], "size": [1, 2, 0], "uv": [3, 2]},
						{"origin": [-1.75, 14.75, -5], "size": [1, 2, 0], "pivot": [-1.25, 14.75, -5], "rotation": [0, 0, -15], "uv": [3, 2]},
						{"origin": [0.75, 14.75, -5], "size": [1, 2, 0], "pivot": [1.25, 14.75, -5], "rotation": [0, 0, 15], "uv": [3, 2]}
					]
				},
				{
					"name": "left_arm",
					"parent": "body",
					"pivot": [3, 6, 0],
					"cubes": [
						{"origin": [3, 5, -1.5], "size": [5, 2, 3], "uv": [14, 18]},
						{"origin": [8, 5.5, 0], "size": [2, 1, 0], "uv": [24, 0]},
						{"origin": [8, 5.5, -1], "size": [2, 1, 0], "uv": [24, 1]},
						{"origin": [8, 5.5, 1], "size": [2, 1, 0], "uv": [24, 2]}
					]
				},
				{
					"name": "right_arm",
					"parent": "body",
					"pivot": [-3, 6, 0],
					"cubes": [
						{"origin": [-8, 5, -1.5], "size": [5, 2, 3], "uv": [14, 23]},
						{"origin": [-10, 5.5, 1], "size": [2, 1, 0], "uv": [24, 5]},
						{"origin": [-10, 5.5, -1], "size": [2, 1, 0], "uv": [24, 4]},
						{"origin": [-10, 5.5, 0], "size": [2, 1, 0], "uv": [24, 3]}
					]
				}
			]
		}
	]
}