{
	"format_version": "1.8.0",
	"animations": {
		"null": {
			"loop": true,
			"bones": {
				"birker": {
					"scale": 1.4
				},
				"left_arm": {
					"rotation": [0, -90, 90],
					"position": [2, -4, 0],
					"scale": 0.7
				},
				"right_arm": {
					"rotation": [0, 90, -90],
					"position": [-2, -4, 0],
					"scale": 0.7
				}
			}
		},
		"animation.birker.ground_idle": {
			"loop": true,
			"animation_length": 2,
			"bones": {
				"birker": {
					"scale": 1.4
				},
				"body": {
					"position": {
						"0.0": [0, 0, 0],
						"1.0": [0, -0.25, 0],
						"2.0": [0, 0, 0]
					}
				},
				"left_arm": {
					"rotation": [0, -90, 90],
					"position": [2, -4, 0],
					"scale": 0.7
				},
				"right_arm": {
					"rotation": [0, 90, -90],
					"position": [-2, -4, 0],
					"scale": 0.7
				}
			}
		},
		"animation.birker.ground_walk": {
			"loop": true,
			"animation_length": 1.5,
			"bones": {
				"birker": {
					"position": {
						"0.0": [0, 0, 0],
						"0.25": [0, 1, 0],
						"0.75": [0, 0, 0],
						"1.0": [0, 1, 0],
						"1.5": [0, 0, 0]
					},
					"scale": 1.4
				},
				"left_arm": {
					"rotation": [0, -90, 90],
					"position": [2, -4, 0],
					"scale": 0.7
				},
				"right_arm": {
					"rotation": [0, 90, -90],
					"position": [-2, -4, 0],
					"scale": 0.7
				},
				"left_leg": {
					"rotation": {
						"0.0": [0, 0, 0],
						"0.25": [-5, 0, 0],
						"0.75": [0, 0, 0],
						"1.0": [10, 0, 0],
						"1.5": [0, 0, 0]
					},
					"position": {
						"0.0": [0, 0, 0],
						"0.25": [0, 1, -1],
						"0.5": [0, 0, -1],
						"0.75": [0, 0, 0],
						"1.0": [0, 0, 1],
						"1.5": [0, 0, 0]
					}
				},
				"right_leg": {
					"rotation": {
						"0.0": [0, 0, 0],
						"0.25": [10, 0, 0],
						"0.75": [0, 0, 0],
						"1.0": [-5, 0, 0],
						"1.5": [0, 0, 0]
					},
					"position": {
						"0.0": [0, 0, 0],
						"0.25": [0, 0, 1],
						"0.75": [0, 0, 0],
						"1.0": [0, 1, -1],
						"1.25": [0, 0, -2],
						"1.5": [0, 0, 0]
					}
				}
			}
		},
		"animation.birker.air_fly": {
			"loop": true,
			"animation_length": 1,
			"bones": {
				"birker": {
					"position": {
						"0.0": [0, 5, 0],
						"0.25": [0, 7, 0],
						"0.75": [0, 7, 0],
						"1.0": [0, 5, 0]
					}
				},
				"body": {
					"scale": 1.4
				},
				"left_arm": {
					"rotation": {
						"0.0": [0, 0, 0],
						"0.25": [0, 0, 60],
						"0.75": [0, 0, -30],
						"1.0": [0, 0, 0]
					}
				},
				"l_arm2": {
					"rotation": {
						"0.0": [0, 0, 0],
						"0.25": [0, 0, 0],
						"0.75": [0, 0, 60],
						"1.0": [0, 0, 0]
					}
				},
				"right_arm": {
					"rotation": {
						"0.0": [0, 0, 0],
						"0.25": [0, 0, -60],
						"0.75": [0, 0, 30],
						"1.0": [0, 0, 0]
					}
				},
				"r_arm2": {
					"rotation": {
						"0.0": [0, 0, 0],
						"0.25": [0, 0, 0],
						"0.75": [0, 0, -60],
						"1.0": [0, 0, 0]
					}
				},
				"left_leg": {
					"rotation": {
						"0.0": [25, 0, 0],
						"0.25": [45, 0, 0],
						"0.5": [45, 0, 0],
						"1.0": [25, 0, 0]
					}
				},
				"right_leg": {
					"rotation": {
						"0.0": [25, 0, 0],
						"0.25": [45, 0, 0],
						"0.5": [45, 0, 0],
						"1.0": [25, 0, 0]
					}
				}
			}
		},
		"animation.birker.faint": {
			"animation_length": 1,
			"bones": {
				"birker": {
					"rotation": {
						"0.0": [0, 0, 0],
						"0.5": [-90, 0, 0],
						"1.0": [-90, 0, 0]
					},
					"position": {
						"0.0": [0, 0, 0],
						"0.2917": [0, 3.17, 0],
						"0.5": [0, 2, 0],
						"0.625": [0, 2.5, 0],
						"0.75": [0, 2, 0],
						"1.0": [0, 2, 0]
					},
					"scale": 1.4
				},
				"left_arm": {
					"rotation": [0, -90, 90],
					"position": [2, -4, 0],
					"scale": 0.7
				},
				"right_arm": {
					"rotation": [0, 90, -90],
					"position": [-2, -4, 0],
					"scale": 0.7
				}
			}
		}
	}
}