{
	"format_version": "1.8.0",
	"animations": {
		"null": {
			"loop": true
		},
		"animation.largestcactus.ground_idle": {
			"loop": true
		},
		"animation.largestcactus.ground_walk": {
			"loop": true
		},
		"animation.largestcactus.faint": {
			"animation_length": 1,
			"bones": {
				"largestcactus": {
					"rotation": {
						"0.0": [0, 0, 0],
						"0.5": [-90, 0, 0],
						"1.0": [-90, 0, 0]
					},
					"position": {
						"0.0": [0, 0, 0],
						"0.2917": [0, 3.17, 0],
						"0.5": [0, 2, 0],
						"0.625": [0, 2.5, 0],
						"0.75": [0, 2, 0],
						"1.0": [0, 2, 0]
					}
				}
			}
		}
	}
}