{
    "enabled": true,
    "neededInstalledMods": [],
    "neededUninstalledMods": [],
    "spawns": [
        {
            "id": "largsetcactus-1",
            "pokemon": "largsetcactus",
            "presets": [
                "natural"
            ],
            "type": "pokemon",
            "context": "grounded",
            "bucket": "common",
            "level": "32-33",
            "weight":5.0,
            "condition": {
                "minSkyLight": 8,
                "maxSkyLight": 15,
                "biomes": [
                    "#minecraft:is_desert",
                    "#minecraft:is_swamp"
                ]
            }
        }
    ]
}