{
	"format_version": "1.12.0",
	"minecraft:geometry": [
		{
			"description": {
				"identifier": "geometry.pipi",
				"texture_width": 64,
				"texture_height": 64,
				"visible_bounds_width": 4,
				"visible_bounds_height": 3.5,
				"visible_bounds_offset": [0, 1.25, 0]
			},
			"bones": [
				{
					"name": "pipi",
					"pivot": [0, 0, 0]
				},
				{
					"name": "head",
					"parent": "pipi",
					"pivot": [0, 0, 0],
					"cubes": [
						{"origin": [-6, 2, -3], "size": [12, 8, 8], "uv": [0, 0]}
					]
				},
				{
					"name": "left_ear",
					"parent": "head",
					"pivot": [2, 10, 1],
					"cubes": [
						{"origin": [1.5, 10, -2], "size": [3, 9, 6], "uv": [18, 26]}
					]
				},
				{
					"name": "l_ear2",
					"parent": "left_ear",
					"pivot": [1.5, 19, 1],
					"cubes": [
						{"origin": [1.5, 19, -2], "size": [3, 4, 6], "uv": [0, 36]}
					]
				},
				{
					"name": "l_ear3",
					"parent": "l_ear2",
					"pivot": [1.5, 23, 1],
					"cubes": [
						{"origin": [1.5, 23, -2], "size": [3, 14, 6], "uv": [0, 16]}
					]
				},
				{
					"name": "right_ear",
					"parent": "head",
					"pivot": [-2, 10, 1],
					"cubes": [
						{"origin": [-4.5, 10, -2], "size": [3, 9, 6], "uv": [18, 26]}
					]
				},
				{
					"name": "r_ear2",
					"parent": "right_ear",
					"pivot": [-1.5, 19, 1],
					"cubes": [
						{"origin": [-4.5, 19, -2], "size": [3, 4, 6], "uv": [0, 36]}
					]
				},
				{
					"name": "r_ear3",
					"parent": "r_ear2",
					"pivot": [-1.5, 23, 1],
					"cubes": [
						{"origin": [-4.5, 23, -2], "size": [3, 14, 6], "uv": [0, 16]}
					]
				},
				{
					"name": "tail",
					"parent": "head",
					"pivot": [0, 4, 4],
					"cubes": [
						{"origin": [-2, 1, 4], "size": [4, 4, 4], "uv": [36, 26]}
					]
				},
				{
					"name": "left_leg",
					"parent": "pipi",
					"pivot": [3, 2, 2],
					"cubes": [
						{"origin": [1, 0, -5], "size": [4, 2, 8], "uv": [18, 16]}
					]
				},
				{
					"name": "right_leg",
					"parent": "pipi",
					"pivot": [-3, 2, 2],
					"cubes": [
						{"origin": [-5, 0, -5], "size": [4, 2, 8], "uv": [18, 16]}
					]
				}
			]
		}
	]
}