{
    "implemented": true,
    "nationalPokedexNumber": 12,
    "name": "birker",
    "primaryType": "flying",
    "maleRatio": 0,
    "height": 9.7,
    "weight": 33.6,
    "pokedex": [
      "cobblemon.species.birker.desc"
    ],
    "labels": [],
    "aspects": [],
    "abilities": [],
    "eggGroups": [],
    "baseStats": {
      "hp": 85,
      "attack": 120,
      "defence": 70,
      "special_attack": 50,
      "special_defence": 55,
      "speed": 100
    },
    "evYield": {
      "hp": 0,
      "attack": 3,
      "defence": 0,
      "special_attack": 0,
      "special_defence": 0,
      "speed": 0
    },
    "baseExperienceYield": 81,
    "experienceGroup": "Slow",
    "catchRate": 0,
    "baseFriendship": 81,
    "baseScale": 1,
    "hitbox": {
      "width": 0.9,
      "height": 1.94,
      "fixed": false
    },
    "behaviour": {
      "walk": {
        "walkSpeed": 0.24
      },
      "resting": {
        "canSleep": true,
        "willSleepOnBed": true,
        "light": "0-4"
      }
    },
    "drops": {
      "amount": 2,
      "entries": []
    },
    "moves": [
      "1:tackle",
      "3:growl",
      "5:quickattack",
      "9:wingattack",
      "13:flash",
      "16:holdback",
      "18:endeavor",
      "23:whirlwind",
      "28:aerialace",
      "33:takedown",
      "37:megakick",
      "41:agility",
      "49:bravebird"
    ],
    "evolutions": []
  }