{
    "implemented": true,
    "nationalPokedexNumber": 16,
    "name": "cactus",
    "primaryType": "grass",
    "maleRatio": 1,
    "height": 4.7,
    "weight": 4.8,
    "pokedex": [
      "cobblemon.species.cactus.desc"
    ],
    "labels": [],
    "aspects": [],
    "abilities": [],
    "eggGroups": [],
    "baseStats": {
      "hp": 45,
      "attack": 49,
      "defence": 49,
      "special_attack": 65,
      "special_defence": 65,
      "speed": 45
    },
    "evYield": {
      "hp": 0,
      "attack": 0,
      "defence": 0,
      "special_attack": 1,
      "special_defence": 0,
      "speed": 0
    },
    "baseExperienceYield": 64,
    "experienceGroup": "fast",
    "catchRate": 64,
    "baseFriendship": 64,
    "baseScale": 1,
    "hitbox": {
      "width": 0.4,
      "height": 1,
      "fixed": false
    },
    "behaviour": {
      "walk": {
        "walkSpeed": 0.225
      },
      "resting": {
        "canSleep": true,
        "willSleepOnBed": true,
        "light": "0-4"
      }
    },
    "drops": {
      "amount": 2,
      "entries": []
    },
    "moves": [
      "1:tackle",
      "3:growl",
      "7:leechseed",
      "9:needlearm",
      "13:sleeppowder",
      "14:poisonpowder",
      "15:takedown",
      "20:razorleaf",
      "23:sweetscent",
      "28:growth",
      "31:doubleedge"
    ],
    "evolutions": [
      {
        "id": "cactus_largestcactus",
        "variant": "level_up",
        "result": "largestcactus",
        "consumeHeldItem": false,
        "learnableMoves": [],
        "requirements": [
          {
            "variant": "level",
            "minLevel": 32
          }
        ]
      }
    ]
  }