{
    "implemented": true,
    "nationalPokedexNumber": 18,
    "name": "largestcactus",
    "primaryType": "grass",
    "maleRatio": 1,
    "height": 9.8,
    "weight": 52.3,
    "pokedex": [
      "cobblemon.species.largestcactus.desc"
    ],
    "labels": [],
    "aspects": [],
    "abilities": [],
    "eggGroups": [],
    "baseStats": {
      "hp": 80,
      "attack": 82,
      "defence": 83,
      "special_attack": 100,
      "special_defence": 100,
      "speed": 80
    },
    "evYield": {
      "hp": 0,
      "attack": 0,
      "defence": 0,
      "special_attack": 2,
      "special_defence": 1,
      "speed": 0
    },
    "baseExperienceYield": 81,
    "experienceGroup": "fast",
    "catchRate": 0,
    "baseFriendship": 81,
    "baseScale": 1,
    "hitbox": {
      "width": 1.2,
      "height": 1.9,
      "fixed": false
    },
    "behaviour": {
      "walk": {
        "walkSpeed": 0.26
      },
      "resting": {
        "canSleep": true,
        "willSleepOnBed": true,
        "light": "0-4"
      }
    },
    "drops": {
      "amount": 2,
      "entries": []
    },
    "moves": [
      "1:tackle",
      "3:growl",
      "7:leechseed",
      "9:needlearm",
      "13:sleeppowder",
      "14:poisonpowder",
      "15:takedown",
      "20:razorleaf",
      "23:sweetscent",
      "28:growth",
      "31:doubleedge",
      "32:petaldance",
      "45:synthesis",
      "53:solarbeam"
    ],
    "evolutions": []
  }