{
    "implemented": true,
    "nationalPokedexNumber": 10,
    "name": "pipi",
    "primaryType": "flying",
    "maleRatio": 0,
    "height": 3.7,
    "weight": 3.5,
    "pokedex": [
      "cobblemon.species.pipi.desc"
    ],
    "labels": [],
    "aspects": [],
    "abilities": [],
    "eggGroups": [],
    "baseStats": {
      "hp": 40,
      "attack": 55,
      "defence": 30,
      "special_attack": 30,
      "special_defence": 30,
      "speed": 60
    },
    "evYield": {
      "hp": 0,
      "attack": 1,
      "defence": 0,
      "special_attack": 0,
      "special_defence": 0,
      "speed": 0
    },
    "baseExperienceYield": 64,
    "experienceGroup": "fast",
    "catchRate": 64,
    "baseFriendship": 64,
    "baseScale": 1,
    "hitbox": {
      "width": 0.8,
      "height": 1,
      "fixed": false
    },
    "behaviour": {
      "walk": {
        "walkSpeed": 0.28
      },
      "resting": {
        "canSleep": true,
        "willSleepOnBed": true,
        "light": "0-4"
      }
    },
    "drops": {
      "amount": 2,
      "entries": []
    },
    "moves": [
      "1:tackle",
      "3:growl",
      "5:quickattack",
      "9:wingattack",
      "13:flash",
      "16:holdback",
      "18:endeavor",
      "23:whirlwind",
      "28:aerialace",
      "33:takedown"
    ],
    "evolutions": [
      {
        "id": "pipi_birker",
        "variant": "level_up",
        "result": "birker",
        "consumeHeldItem": false,
        "learnableMoves": [],
        "requirements": [
          {
            "variant": "level",
            "minLevel": 34
          }
        ]
      }
    ]
  }