{
	"format_version": "1.12.0",
	"minecraft:geometry": [
		{
			"description": {
				"identifier": "geometry.birker",
				"texture_width": 128,
				"texture_height": 128,
				"visible_bounds_width": 4,
				"visible_bounds_height": 3.5,
				"visible_bounds_offset": [0, 1.25, 0]
			},
			"bones": [
				{
					"name": "birker",
					"pivot": [0, 0, 0]
				},
				{
					"name": "body",
					"parent": "birker",
					"pivot": [0, 9, 0],
					"cubes": [
						{"origin": [-3, 7, -5], "size": [6, 6, 10], "uv": [0, 0]},
						{"origin": [-2, 8, -6], "size": [4, 8, 3], "uv": [56, 48]},
						{"origin": [-3.5, 7, -8], "size": [7, 9, 3], "pivot": [0.5, 7, -5], "rotation": [-30, 0, 0], "uv": [0, 46]}
					]
				},
				{
					"name": "head",
					"parent": "body",
					"pivot": [0, 16, -4],
					"cubes": [
						{"origin": [-2, 16, -7], "size": [4, 4, 5], "uv": [52, 39]},
						{"origin": [-1, 16.5, -9], "size": [2, 1, 2], "uv": [26, 36]},
						{"origin": [1.5, 19, -4], "size": [1, 2, 8], "pivot": [1.5, 19, -3], "rotation": [10, 0, 0], "uv": [20, 49]},
						{"origin": [-2.5, 19, -4], "size": [1, 2, 8], "pivot": [-1.5, 19, -3], "rotation": [10, 0, 0], "uv": [38, 49]},
						{"origin": [-1, 20, -6], "size": [2, 1, 3], "uv": [44, 59]}
					]
				},
				{
					"name": "left_arm",
					"parent": "body",
					"pivot": [3, 12, -4],
					"cubes": [
						{"origin": [3, 10, -4], "size": [5, 2, 8], "uv": [26, 39]}
					]
				},
				{
					"name": "l_arm2",
					"parent": "left_arm",
					"pivot": [8, 12, -4],
					"cubes": [
						{"origin": [8, 10, -4], "size": [9, 2, 8], "uv": [0, 26]}
					]
				},
				{
					"name": "right_arm",
					"parent": "body",
					"pivot": [-3, 12, -4],
					"cubes": [
						{"origin": [-8, 10, -4], "size": [5, 2, 8], "uv": [0, 36]}
					]
				},
				{
					"name": "r_arm2",
					"parent": "right_arm",
					"pivot": [-8, 12, -4],
					"cubes": [
						{"origin": [-17, 10, -4], "size": [9, 2, 8], "uv": [0, 16]}
					]
				},
				{
					"name": "tail",
					"parent": "body",
					"pivot": [0, 10, 5],
					"rotation": [35, 0, 0],
					"cubes": [
						{"origin": [-1.5, 10, 5], "size": [3, 2, 11], "uv": [32, 0]},
						{"origin": [-1.5, 10.001, 5], "size": [3, 2, 11], "pivot": [1, 10, 5], "rotation": [0, -45, 0], "uv": [34, 13]},
						{"origin": [-1.5, 10.002, 5], "size": [3, 2, 11], "pivot": [-1, 10, 5], "rotation": [0, 45, 0], "uv": [34, 26]}
					]
				},
				{
					"name": "left_leg",
					"parent": "birker",
					"pivot": [3, 8, 0],
					"cubes": [
						{"origin": [2, 0, -1], "size": [2, 6, 2], "uv": [28, 59]},
						{"origin": [3, 0, -4], "size": [0, 2, 3], "uv": [54, 59]},
						{"origin": [2, 0, -4], "size": [0, 2, 3], "pivot": [2, 0, -1], "rotation": [0, 30, 0], "uv": [60, 0]},
						{"origin": [4, 0, -4], "size": [0, 2, 3], "pivot": [4, 0, -1], "rotation": [0, -30, 0], "uv": [60, 5]},
						{"origin": [2, 6, -3], "size": [2, 5, 5], "uv": [0, 58]}
					]
				},
				{
					"name": "right_leg",
					"parent": "birker",
					"pivot": [-3, 8, 0],
					"cubes": [
						{"origin": [-4, 0, -1], "size": [2, 6, 2], "uv": [36, 59]},
						{"origin": [-3, 0, -4], "size": [0, 2, 3], "uv": [60, 59]},
						{"origin": [-4, 0, -4], "size": [0, 2, 3], "pivot": [-4, 0, -1], "rotation": [0, 30, 0], "uv": [62, 10]},
						{"origin": [-2, 0, -4], "size": [0, 2, 3], "pivot": [-2, 0, -1], "rotation": [0, -30, 0], "uv": [62, 15]},
						{"origin": [-4, 6, -3], "size": [2, 5, 5], "uv": [14, 59]}
					]
				}
			]
		}
	]
}